experiment,path,record_unit,reported_count,archive_status
primary verification,data/primary/verification_main/raw_query_method_records.csv,query-method rows,"26,880 paired queries / 53,760 method rows","complete query-level raw; query seed, graph/hash, target hash, method order, timings, repeats, decisions, phases/metrics"
primary construction,data/primary/construction_main/raw_query_method_records.csv,query-method rows,"9,600 paired queries / 19,200 method rows","complete query-level raw; query seed, graph/hash, target hash, method order, timings, repeats, output hash/size and structural metrics"
higher-degree verification,data/primary/verification_density/raw_query_method_records.csv,query-method rows,"960 paired queries / 1,920 method rows",complete query-level raw
higher-degree construction,data/primary/construction_density/raw_query_method_records.csv,query-method rows,"960 paired queries / 1,920 method rows",complete query-level raw
benchmark verification,data/primary/benchmark_networks/raw/benchmark_verification_raw.csv,query-method rows,"1,200 target queries / 2,400 method rows",complete target-query raw conditional on fixed networks
benchmark construction,data/primary/benchmark_networks/raw/benchmark_construction_raw.csv,query-method rows,"1,200 target queries / 2,400 method rows",complete target-query raw conditional on fixed networks
matched peeling-CMSA,data/matched_hull/random/random_raw.csv,paired query rows,"12,800 queries","complete paired query-level raw; graph/target seeds, call order, equality, C++ timings and operation counts"
Gaussian likelihood,data/validation/gaussian_mle_final_v5.csv,query rows,"10,800 queries","complete query-level validation record; graph/query seeds, A/B/C timings and discrepancies"
Discrete likelihood,data/validation/discrete_mle_v2_full.csv,query rows,"16,200 queries","complete query-level validation record; graph seed, target identifiers, A/B/C discrepancies/timings/parameter and factor-memory metrics"
Discrete R* cross-check,data/validation/discrete_rstar_crosscheck_densityfix.csv,query rows,"2,700 queries",complete cross-check raw; graph/target seeds and output hashes
Exhaustive n<=5,data/validation/exhaustive_small_summary.csv,summary rows,"284,082 construction + 284,082 verification checks",per-query rows not retained; source code is deterministic and included
Controlled hull stress,data/validation/hull_stress_clean_all.csv,batch/setting rows,"2,890 clean hull comparisons represented in batches",not one-row-per-query; query counts and agreement retained
Extended 8-size DSCS visualization,data/legacy/DSCS_original_aggregate_judge_coll_left.csv,configuration mean/SE rows (100 queries summarized per row),"12,800 timing observations summarized by 128 configuration rows",complete original configuration-level mean/SE source from judge_coll.xlsx left half; 100 observations per configuration; individual timing rows absent from workbook; displayed rounded values reconcile 128/128
